"Source:","C:\Users\Nicks_PC\Documents\virtDesk\Electrical-Hardware-Design\Relay-Board_2023_Lucy_V1\Relay_Board_Lucy_V1\Relay_Board_Lucy_V1.kicad_sch"
"Date:","11/12/2023 2:34:30 PM"
"Tool:","Eeschema 7.0.2"
"Generator:","C:\Program Files\KiCad\7.0\bin\scripting\plugins/bom_csv_grouped_by_value.py"
"Component Count:","113"

"Collated Components:"

"Item","Qty","Reference(s)","Value","LibPart","Footprint","Datasheet","DNP","Desc","Part#"
"1","17","C1, C2, C5, C6, C7, C9, C10, C11, C13, C15, C16, C17, C19, C20, C21, C23, C24","100n","Device:C_Small","Capacitor_SMD:C_0603_1608Metric","https://datasheet.lcsc.com/lcsc/2304140030_FH--Guangdong-Fenghua-Advanced-Tech-0603B104K101NT_C88219.pdf","","","C88219"
"2","5","C3, C4, C8, C14, C22","1u","Device:C_Small","Capacitor_SMD:C_0603_1608Metric","https://datasheet.lcsc.com/lcsc/2304140030_Murata-Electronics-GRM188R71C105KE15D_C77049.pdf","","","C77049"
"3","2","C12, C18","4u7","Device:C_Small","Capacitor_SMD:C_0603_1608Metric","https://datasheet.lcsc.com/lcsc/2304140030_FH--Guangdong-Fenghua-Advanced-Tech-0603B475K100NT_C108342.pdf","","Desc: ESR < 1","C108342"
"4","3","D2, D10, D11","AM23ESGW","Device:LED_Dual_AAK","Package_TO_SOT_SMD:SOT-23-3","https://www.kingbrightusa.com/images/catalog/SPEC/AM23ESGW.pdf","","","754-1634-6-ND"
"5","1","D3","STPS5045SG-TR","Device:D_Schottky_AKA","Package_TO_SOT_SMD:TO-263-2","https://www.st.com/content/ccc/resource/technical/document/datasheet/65/29/29/69/d0/df/47/9c/DM00049255.pdf/files/DM00049255.pdf/jcr:content/translations/en.DM00049255.pdf","","","497-13279-1-ND"
"6","6","D4, D5, D6, D7, D8, D9","BZX84-C3V3,215","Device:D_Zener_Dual_CommonCathode_AAK","Package_TO_SOT_SMD:SOT-23-3","https://assets.nexperia.com/documents/data-sheet/BZX84_SER.pdf","","","C85087"
"7","4","D12, D13, D14, D15","SD0805S020S1R0","Device:D_Schottky","Diode_SMD:D_0805_2012Metric_Pad1.15x1.40mm_HandSolder","https://datasheets.kyocera-avx.com/schottky.pdf","","","478-7800-1-ND"
"8","1","FB1","300R","Device:FerriteBead_Small","Inductor_SMD:L_1206_3216Metric","https://www.vishay.com/docs/34023/ilb1206.pdf","","","541-2283-1-ND"
"9","4","H1, H2, H3, H4","MountingHole","Mechanical:MountingHole","MountingHole:MountingHole_3.2mm_M3","~","","","N/A"
"10","2","J1, J10","STD_PWR_HEADER","RB_PARTS:STD_PWR_HEADER","RB_FTP:STD_PWR_HEADER","https://www.molex.com/pdm_docs/ps/PS-43045.pdf","","","WM1791-ND"
"11","4","J2, J3, J4, J5","VP0265540000G","RB_PARTS:VP0265540000G","RB_FTP:CONN_VP0265x4xxxxG_AMP","https://mm.digikey.com/Volume0/opasdata/d220001/medias/docus/3772/8VP0003.pdf","","","VP0265540000G-ND"
"12","1","J7","USB_B_Micro","Connector:USB_B_Micro","RB_FTP:USB_Micro-B_Wuerth_629105150521","https://www.we-online.com/katalog/datasheet/629105150521.pdf","","","732-5960-1-ND"
"13","1","J9","DE9_Receptacle_MountingHoles","Connector:DE9_Receptacle_MountingHoles","Connector_Dsub:DSUB-9_Female_Horizontal_P2.77x2.84mm_EdgePinOffset7.70mm_Housed_MountingHolesOffset9.12mm"," ~","","","N/A"
"14","1","JP3","SolderJumper_2_Open","Jumper:SolderJumper_2_Open","Jumper:SolderJumper-2_P1.3mm_Open_TrianglePad1.0x1.5mm","~","","","N/A"
"15","2","K1, K2","HE1AN-P-DC12V-Y5","RB_PARTS:HE1AN-W-DC12V-Y6","RB_FTP:HE1AN-P-DC12V-Y5","https://api.pim.na.industrial.panasonic.com/file_stream/main/fileversion/276","","","255-2777-ND"
"16","2","K3, K4","J115F11CH12VDCS61.5","RB_PARTS:T9AV5L12-12","RB_FTP:J115F11CH12VDCS61.5","http://www.te.com/commerce/DocumentDelivery/DDEController?Action=showdoc&DocId=Data+Sheet%7F1308242_T9A%7F0915%7Fpdf%7FEnglish%7FENG_DS_1308242_T9A_0915.pdf%7F1423091-6","","","2449-J115F11CH12VDCS61.5-ND"
"17","1","Q1","SI2302A-TPMSCT-ND","Device:Q_NMOS_GSD","Package_TO_SOT_SMD:SOT-23-3","https://www.mccsemi.com/pdf/Products/SI2302A(SOT-23).pdf","","","SI2302A-TPMSCT-ND"
"18","4","Q2, Q3, Q6, Q7","FMMT491ATA","Device:Q_NPN_BEC","Package_TO_SOT_SMD:SOT-23-3","https://www.diodes.com/assets/Datasheets/FMMT491A.pdf","","","C110504"
"19","1","R1","160","Device:R_Small","Resistor_SMD:R_0603_1608Metric","~","","","C245189"
"20","2","R2, R4","2.2M","Device:R_Small","Resistor_SMD:R_0603_1608Metric","https://datasheet.lcsc.com/lcsc/2208261700_VO-SCR0603F2M2_C5140271.pdf","","","C5140271"
"21","1","R3","953k","Device:R_Small","Resistor_SMD:R_0603_1608Metric","https://www.yageo.com/upload/media/product/productsearch/datasheet/rchip/PYu-RC_Group_51_RoHS_L_12.pdf","","","311-953KHRCT-ND"
"22","1","R5","549k","Device:R_Small","Resistor_SMD:R_0603_1608Metric","https://www.yageo.com/upload/media/product/app/datasheet/rchip/pyu-rc_group_51_rohs_l.pdf","","","311-549KHRCT-ND"
"23","1","R6","11.5k","Device:R_Small","Resistor_SMD:R_0603_1608Metric","https://datasheet.lcsc.com/lcsc/2304140030_Walsin-Tech-Corp-WR06X1152FTL_C168277.pdf","","","C168277"
"24","4","R7, R11, R12, R20","100k","Device:R_Small","Resistor_SMD:R_0603_1608Metric","https://datasheet.lcsc.com/lcsc/2211251200_Ever-Ohms-Tech-TR0603D100KP0550Z_C5250829.pdf","","","C5250829"
"25","1","R8","150","Device:R_Small","Resistor_SMD:R_0603_1608Metric","https://datasheet.lcsc.com/lcsc/2206010130_UNI-ROYAL-Uniroyal-Elec-0603WAF1500T5E_C22808.pdf","","","C22808"
"26","3","R9, R10, R19","417k","Device:R_Small","Resistor_SMD:R_0603_1608Metric","https://www.koaspeer.com/pdfs/RN73H.pdf","","","2019-RN73H1JTTD4173C25CT-ND"
"27","3","R13, R14, R17","50k","Device:R_Small","Resistor_SMD:R_0603_1608Metric","https://www.yageo.com/upload/media/product/productsearch/datasheet/rchip/PYu-RT_1-to-0.01_RoHS_L_15.pdf","","","13-RT0603BRD0750KLCT-ND"
"28","3","R15, R16, R18","200k","Device:R_Small","Resistor_SMD:R_0603_1608Metric","https://datasheet.lcsc.com/lcsc/2206010045_UNI-ROYAL-Uniroyal-Elec-0603WAF2003T5E_C25811.pdf","","","C25811"
"29","2","R21, R23","140","Device:R_Small","Resistor_SMD:R_0603_1608Metric","https://datasheet.lcsc.com/lcsc/2304140030_FH--Guangdong-Fenghua-Advanced-Tech-RS-03K1400FT_C304700.pdf","","","C304700"
"30","2","R22, R24","130","Device:R_Small","Resistor_SMD:R_0603_1608Metric","https://datasheet.lcsc.com/lcsc/2304140030_TA-I-Tech-RMS06FT1300_C209032.pdf","","","C209032"
"31","1","R25","10k","Device:R_Small","Resistor_SMD:R_0603_1608Metric","https://datasheet.lcsc.com/lcsc/2206010045_UNI-ROYAL-Uniroyal-Elec-0603WAF1002T5E_C25804.pdf","","","C25804"
"32","4","R27, R29, R31, R33","249","Device:R_Small","Resistor_SMD:R_0603_1608Metric","https://datasheet.lcsc.com/lcsc/2304140030_Viking-Tech-ARG03FTC2490_C217903.pdf","","","C217903"
"33","1","R34","120","Device:R_Small","Resistor_SMD:R_0603_1608Metric","https://datasheet.lcsc.com/lcsc/2206010130_UNI-ROYAL-Uniroyal-Elec-0603WAF1200T5E_C22787.pdf","DNP","","C22787"
"34","4","R35, R36, R37, R38","422","Device:R_Small","Resistor_SMD:R_0603_1608Metric","https://datasheet.lcsc.com/lcsc/2206010130_UNI-ROYAL-Uniroyal-Elec-0603WAF2200T5E_C22962.pdf","","","C22962"
"35","2","SW1, SW2","PTS815 SJM 250 SMTR LFS","Switch:SW_Push_45deg","Button_Switch_SMD:SW_SPST_PTS810","https://datasheet.lcsc.com/lcsc/2106070033_C-K-PTS815SJM250SMTRLFS_C2689510.pdf","","","C2689510"
"36","2","TP1, TP2","TestPoint_Alt","Connector:TestPoint_Alt","TestPoint:TestPoint_Pad_1.0x1.0mm","~","","","N/A"
"37","2","U1, U6","ACS770LCB-050U-PFF","Sensor_Current:ACS770xCB-050B-PFF","RB_FTP:Allegro_CB_PFF_Adjusted","https://www.allegromicro.com/~/media/Files/Datasheets/ACS770-Datasheet.ashx","","","620-1542-5-ND"
"38","1","U2","ACS770LCB-050B-PFF","Sensor_Current:ACS770xCB-050B-PFF","RB_FTP:Allegro_CB_PFF_Adjusted","https://www.allegromicro.com/~/media/Files/Datasheets/ACS770-Datasheet.ashx","","","620-1541-5-ND"
"39","1","U3","MAX14572","FCC_PARTS:MAX14572","Package_SO:TSSOP-14-1EP_4.4x5mm_P0.65mm","https://www.analog.com/media/en/technical-documentation/data-sheets/MAX14571-MAX14573.pdf","","","MAX14572EUD+TCT-ND"
"40","2","U4, U5","TSV914IPT","RB_PARTS:TSV914IPT","Package_SO:TSSOP-14_4.4x5mm_P0.65mm","https://www.st.com/content/ccc/resource/technical/document/datasheet/68/e5/70/49/1a/0d/47/dd/CD00127596.pdf/files/CD00127596.pdf/jcr:content/translations/en.CD00127596.pdf","","","C83262"
"41","1","U7","LD39050PU33R","FCC_PARTS:LD39050PU33R","Package_DFN_QFN:DFN-6-1EP_3x3mm_P0.95mm_EP1.7x2.6mm","https://www.st.com/content/ccc/resource/technical/document/datasheet/12/43/cc/93/21/f6/41/66/CD00227527.pdf/files/CD00227527.pdf/jcr:content/translations/en.CD00227527.pdf","","","C132827"
"42","4","U8, U11, U12, U13","EL3H7(B)(TA)-VG","RB_PARTS:EL3H7(B)(TA)-VG","RB_FTP:SOIC_BTA-VG_EVS","https://everlightamericas.com/index.php?controller=attachment&id_attachment=2584","","","C2891578"
"43","1","U9","MCP2542FD-E/SN","FCC_PARTS:MCP2542FD","Package_SO:SOIC-8_3.9x4.9mm_P1.27mm","https://ww1.microchip.com/downloads/aemDocuments/documents/APID/ProductDocuments/DataSheets/MCP2542FD-MCP2542WFD-4WFD-Data-Sheet-DS20005514C.pdf","","","C220598"
"44","1","U10","STM32F446RETx","MCU_ST_STM32F4:STM32F446RETx","Package_QFP:LQFP-64_10x10mm_P0.5mm","https://www.st.com/resource/en/datasheet/stm32f446re.pdf","","","C69336"
"45","1","X1","OXETDLJANF-8MHZ ","RB_PARTS:OXETDLJANF-8MHZ","Crystal:Crystal_SMD_3225-4Pin_3.2x2.5mm","https://datasheet.lcsc.com/lcsc/2304140030_TAITIEN-Elec-OXETDLJANF-8-000000MHZ_C558766.pdf","","3.3V Â±25ppm 8MHz SMD3225-4P Oscillators ROHS ","C558766"
